insert into `authors` (`id`, `created`, `created_by`, `last_modified`, `last_modified_by`, `address`, `name`, `url`) values('1',NULL,NULL,NULL,NULL,'Jakarta','Rifki','www.Rifki.com');
insert into `authors` (`id`, `created`, `created_by`, `last_modified`, `last_modified_by`, `address`, `name`, `url`) values('2',NULL,NULL,NULL,NULL,'Jakarta','Nadia','www.Nadia.com');
insert into `books` (`id`, `created`, `created_by`, `last_modified`, `last_modified_by`, `isbn`, `price`, `title`, `year`, `author_id`, `publisher_id`) values('1',NULL,NULL,NULL,NULL,'2','10000','Menuju Sukses','202002','1','1');
insert into `books` (`id`, `created`, `created_by`, `last_modified`, `last_modified_by`, `isbn`, `price`, `title`, `year`, `author_id`, `publisher_id`) values('2',NULL,NULL,NULL,NULL,'1','50000','Menuju Puncak','201902','1','2');
insert into `books` (`id`, `created`, `created_by`, `last_modified`, `last_modified_by`, `isbn`, `price`, `title`, `year`, `author_id`, `publisher_id`) values('3',NULL,NULL,NULL,NULL,'4','50000','Si Dia','202002','2','2');
insert into `books` (`id`, `created`, `created_by`, `last_modified`, `last_modified_by`, `isbn`, `price`, `title`, `year`, `author_id`, `publisher_id`) values('4',NULL,NULL,NULL,NULL,'3','100000','Kata Mutiara','202002','2','1');
insert into `publisher` (`id`, `created`, `created_by`, `last_modified`, `last_modified_by`, `address`, `name`, `phone`, `url`) values('1',NULL,NULL,NULL,NULL,'Jakarta','Rifki Foundation','099587877','www.foundation.com');
insert into `publisher` (`id`, `created`, `created_by`, `last_modified`, `last_modified_by`, `address`, `name`, `phone`, `url`) values('2',NULL,NULL,NULL,NULL,'Jakarta','Nadia Novel','0322212','www.novel.com');
insert into `warehouse` (`id`, `created`, `created_by`, `last_modified`, `last_modified_by`, `address`, `phone`) values('1',NULL,NULL,NULL,NULL,'Jakarta','0210000');
insert into `warehouse` (`id`, `created`, `created_by`, `last_modified`, `last_modified_by`, `address`, `phone`) values('2',NULL,NULL,NULL,NULL,'Sukabumi','0210000');
insert into `wb` (`id`, `created`, `created_by`, `last_modified`, `last_modified_by`, `count`, `book_id`, `warehouse_id`) values('1',NULL,NULL,NULL,NULL,'100','1','1');
insert into `wb` (`id`, `created`, `created_by`, `last_modified`, `last_modified_by`, `count`, `book_id`, `warehouse_id`) values('2',NULL,NULL,NULL,NULL,'50','2','1');
insert into `wb` (`id`, `created`, `created_by`, `last_modified`, `last_modified_by`, `count`, `book_id`, `warehouse_id`) values('3',NULL,NULL,NULL,NULL,'20','3','1');
insert into `wb` (`id`, `created`, `created_by`, `last_modified`, `last_modified_by`, `count`, `book_id`, `warehouse_id`) values('4',NULL,NULL,NULL,NULL,'200','4','2');
insert into `customers` (`id`, `created`, `created_by`, `last_modified`, `last_modified_by`, `address`, `email`, `name`, `phone`) values('1',NULL,NULL,NULL,NULL,'Jakarta','kiki@g.com','kiki','099877');
insert into `customers` (`id`, `created`, `created_by`, `last_modified`, `last_modified_by`, `address`, `email`, `name`, `phone`) values('2',NULL,NULL,NULL,NULL,'Bandung','dia@g.com','Dia','099874537');
insert into `basket` (`id`, `created`, `created_by`, `last_modified`, `last_modified_by`, `customer_id`) values('1',NULL,NULL,NULL,NULL,'1');
insert into `basket` (`id`, `created`, `created_by`, `last_modified`, `last_modified_by`, `customer_id`) values('2',NULL,NULL,NULL,NULL,'2');
insert into `bb` (`id`, `created`, `created_by`, `last_modified`, `last_modified_by`, `count`, `basket_id`, `book_id`) values('1',NULL,NULL,NULL,NULL,'5','1','2');
insert into `bb` (`id`, `created`, `created_by`, `last_modified`, `last_modified_by`, `count`, `basket_id`, `book_id`) values('2',NULL,NULL,NULL,NULL,'3','2','1');